{"cameraMode":{"drawMode":0,"name":"Shaded","section":"Shading Mode"},"sceneLighting":true,"audioPlay":false,"sceneViewState":{"m_AlwaysRefresh":false,"showFog":true,"showSkybox":true,"showFlares":true,"showImageEffects":true,"showParticleSystems":true,"showVisualEffectGraphs":true,"m_FxEnabled":true},"in2DMode":false,"pivot":{"x":20.34058952331543,"y":14.182954788208008,"z":72.80361938476563},"rotation":{"x":-0.07533036917448044,"y":0.1430850774049759,"z":0.010925903916358948,"w":0.9868018627166748},"size":40.20797348022461,"orthographic":false}