{"cameraMode":{"drawMode":0,"name":"Shaded","section":"Shading Mode"},"sceneLighting":true,"audioPlay":false,"sceneViewState":{"m_AlwaysRefresh":false,"showFog":true,"showSkybox":true,"showFlares":true,"showImageEffects":true,"showParticleSystems":true,"showVisualEffectGraphs":true,"m_FxEnabled":true},"in2DMode":false,"pivot":{"x":346.104248046875,"y":305.2134094238281,"z":10.501267433166504},"rotation":{"x":0.134842187166214,"y":-0.029711734503507615,"z":0.004150460008531809,"w":0.9904769062995911},"size":314.34283447265627,"orthographic":false}